term,estimate,std.error,robust.se,statistic,p.value,conf.low,conf.high,wave,model
BMI_CV_W3,1.0316085111406266,0.014046672636746365,0.013450163237565116,2.3136704639564525,0.020685805237502613,1.0047687443278148,1.0591652320651508,W3,Unadjusted
BMI_CV_W4,1.0519787784039942,0.015643419926962922,0.014952039395351188,3.3890321014018805,7.013979877975907e-4,1.0215974021212575,1.083263669146455,W4,Unadjusted
BMI_CV_W5,1.070866051748955,0.017102255310275875,0.016678092691750756,4.105248514584221,4.038804533063446e-5,1.036427034366152,1.1064494293992593,W5,Unadjusted
BMI_CV_W6,1.0580082672061915,0.02077207930036626,0.019444620402340993,2.8999356240093874,0.0037323930726541393,1.0184454455429646,1.099107957500729,W6,Unadjusted
BMI_CV_W7,1.0616162070532624,0.023549918932947698,0.02459116988516538,2.431461001142427,0.015038067133261128,1.0116621418886276,1.114036914511948,W7,Unadjusted
BMI_CV_W8,1.0753954424912608,0.027755870508236306,0.030849084591571062,2.356259460555455,0.018460018826873648,1.012300387751757,1.142423110495314,W8,Unadjusted
BMI_CV_W9,1.0456740328789358,0.03903217481718027,0.047047053439213025,0.9492982400305441,0.342468948425445,0.9535638948890234,1.146681610847433,W9,Unadjusted
BMI_CV_W3,1.0249961563306036,0.013754426952047956,0.01273892797419536,1.9380643890906022,0.05261536739940144,0.9997210615414732,1.0509102597804243,W3,Adjusted
BASELINE_AGE,1.1136261817474131,0.011007971387643693,0.010510241625256586,10.239680976625603,1.3166981485246029e-24,1.0909204900805727,1.1368044545407034,W3,Adjusted
RAGENDERFemale,0.8549938136856701,0.10161501139177875,0.10220332223645012,-1.5328371142815693,0.1253159934848754,0.6997893791025294,1.0446206291074074,W3,Adjusted
RACE_ETH3Non-Hispanic Black,2.1031074515176265,0.12321528612193212,0.12310537147293368,6.03885907591033,1.5520771861812545e-9,1.6522432258778417,2.6770035327449935,W3,Adjusted
RACE_ETH3Hispanic or Other,1.2408300576391247,0.1533172450070084,0.15476704770736235,1.3942280361753407,0.16324875424861487,0.9161663898370559,1.6805454216832258,W3,Adjusted
RAEDUCGED,0.6737351299214824,0.21338560735022163,0.21817735982488873,-1.810078863989008,0.07028355814599642,0.43931525841988284,1.033242111651119,W3,Adjusted
RAEDUCHigh school graduate,0.5667906343583298,0.12504016625525194,0.1255882058408984,-4.520848842576975,6.1592157539998564e-6,0.4431204475110935,0.7249758502472973,W3,Adjusted
RAEDUCCollege or above,0.4483742530875172,0.12625702814603768,0.12693586161154088,-6.319152040790427,2.6300242344455295e-10,0.34961709905472,0.5750275698052271,W3,Adjusted
LN_WEALTH,0.9620865641547419,0.008039632062370886,0.0073431928812653265,-5.263493613858019,1.4134341960996455e-7,0.9483390031272037,0.9760334161885371,W3,Adjusted
CHRONIC_N,1.0252373047219745,0.04040763619885002,0.04169364019139121,0.5977914732800208,0.5499790808116526,0.9447887413918045,1.1125360463601062,W3,Adjusted
HAS_INSHas insurance,0.4968177358068884,0.3129009304988405,0.30965312511666143,-2.2590827999626115,0.023878234847762803,0.2707820509172902,0.9115370157517428,W3,Adjusted
EMP_STATUSUnemployed/Not in labor force,2.3404646748236697,0.34615423004873214,0.34052237141808245,2.4971912567701926,0.012518142026263624,1.2007398455012865,4.561999765911488,W3,Adjusted
EMP_STATUSRetired,2.0510469834128497,0.276934998274181,0.2753227657525748,2.6091209146031384,0.009077516083609667,1.1956950898070775,3.518283017157582,W3,Adjusted
EMP_STATUSDisabled,3.9928539209402323,0.4699614215503632,0.48909973974896037,2.8307237381396617,0.004644281611838207,1.530949863929774,10.413719488529965,W3,Adjusted
SMOKESTATUSEver/Current smoker,1.0467827708837159,0.09740131289503776,0.09708782071871257,0.47092861244063416,0.6376917146573157,0.8653967564359435,1.2661870538222864,W3,Adjusted
R_DEPRESYes,2.0145483699043365,0.11717468190936434,0.1194893819165159,5.861567153504005,4.585189718643294e-9,1.5939259935333934,2.5461691139672067,W3,Adjusted
BMI_CV_W4,1.0390587519628467,0.015122763366438077,0.015235148564214056,2.514925076092065,0.011905768237623907,1.0084907584156204,1.0705532807526679,W4,Adjusted
BASELINE_AGE,1.1185092082558514,0.012143155765395387,0.01162016736474606,9.638134381512083,5.518170426031465e-22,1.093322937247729,1.144275681348539,W4,Adjusted
RAGENDERFemale,0.8876225421745481,0.11212587055342244,0.11280316266320994,-1.0567850108105559,0.2906097166849511,0.7115576578959018,1.1072521933165258,W4,Adjusted
RACE_ETH3Non-Hispanic Black,2.137259767474201,0.13500349325835145,0.13638362732003187,5.569030102452003,2.5616123213136414e-8,1.635939943899145,2.792204769312414,W4,Adjusted
RACE_ETH3Hispanic or Other,1.1034275498410606,0.18209221147181429,0.18070451126642326,0.5446531964838635,0.5859920604753626,0.7743331712143143,1.5723882212599425,W4,Adjusted
RAEDUCGED,0.7238300795386476,0.2253868328651374,0.23108221000333024,-1.3986304307336488,0.1619238360466068,0.4601920300468009,1.138502950587045,W4,Adjusted
RAEDUCHigh school graduate,0.536552433094161,0.13995227711738592,0.13987336205067397,-4.451104776419791,8.542964422691104e-6,0.4078981606709244,0.7057852699941957,W4,Adjusted
RAEDUCCollege or above,0.4521540160033337,0.1385509474666093,0.13917739609520288,-5.703026756418061,1.1769849850329522e-8,0.34420595387732433,0.5939561820037748,W4,Adjusted
LN_WEALTH,0.9637625829295029,0.009074905372115827,0.008072064854583916,-4.5725968060682805,4.817165421939806e-6,0.948634919718911,0.9791314835112438,W4,Adjusted
CHRONIC_N,1.0242579338512823,0.04417816808462417,0.04648252030620469,0.5156429399154351,0.6061038139045962,0.9350683205224583,1.1219547192777564,W4,Adjusted
HAS_INSHas insurance,0.5317040402152801,0.36481036825211566,0.35694825419992826,-1.7696353810217067,0.07678790088164497,0.2641405364593885,1.0702983728690902,W4,Adjusted
EMP_STATUSUnemployed/Not in labor force,3.4416621889160797,0.4286921505803617,0.4223145048857782,2.92662111965842,0.0034266604884939443,1.5041580845492957,7.874862851376325,W4,Adjusted
EMP_STATUSRetired,2.7530197703197437,0.3617613949481828,0.36061718239616464,2.808236703472201,0.004981359790600854,1.3578488476242485,5.581709531979299,W4,Adjusted
EMP_STATUSDisabled,6.764300471998636,0.5477853547038978,0.5747081967394133,3.326312140892694,8.800331824612629e-4,2.1929583676496174,20.86485614613895,W4,Adjusted
SMOKESTATUSEver/Current smoker,1.055379308542545,0.10677931957715608,0.10676386735435155,0.5048546648817394,0.6136609178414879,0.8561128320451883,1.301026503993517,W4,Adjusted
R_DEPRESYes,1.9637002827469554,0.13071456644716498,0.13173400850921763,5.122675612756876,3.01230322718084e-7,1.5168513112163395,2.5421864173148987,W4,Adjusted
BMI_CV_W5,1.0514642130430423,0.016229333610349842,0.015119819916100053,3.3190660777734218,9.031905443060811e-4,1.0207619710992861,1.0830899099028921,W5,Adjusted
BASELINE_AGE,1.1301755492881598,0.013621632679808234,0.013107819129291745,9.335875999162704,1.001595341753711e-20,1.1015101705720467,1.1595869074413137,W5,Adjusted
RAGENDERFemale,0.9384972398850633,0.12700533212557777,0.12764099084205588,-0.49729607649310004,0.6189802781462537,0.7307768672804782,1.205261289331197,W5,Adjusted
RACE_ETH3Non-Hispanic Black,2.0831639469955436,0.15855219918128635,0.15890090113951463,4.618525515398072,3.864764633152309e-6,1.5256916114973864,2.8443310544278275,W5,Adjusted
RACE_ETH3Hispanic or Other,1.210199327249202,0.20648193203513485,0.2070229575375648,0.9215648427339291,0.356755603974481,0.8065636514720557,1.8158299211741296,W5,Adjusted
RAEDUCGED,0.8846157408906445,0.25413707003740177,0.26182016386009715,-0.46826767479978887,0.6395931817958728,0.529532884560686,1.4778024780854229,W5,Adjusted
RAEDUCHigh school graduate,0.606925468844476,0.17052993261479335,0.16918121735897776,-2.951564537392467,0.0031616846708835303,0.4356403007401555,0.8455565844258294,W5,Adjusted
RAEDUCCollege or above,0.5884965885985018,0.16347143820469318,0.16391588225085216,-3.234489189163665,0.0012186053398848154,0.42679418906202155,0.8114642693547687,W5,Adjusted
LN_WEALTH,0.9634950080698911,0.010671849428005632,0.009381303787388117,-3.9640515883439886,7.368831727087865e-5,0.9459410851436473,0.9813746808921273,W5,Adjusted
CHRONIC_N,0.9892635449242779,0.05067943797624117,0.05455067393104129,-0.19788035450260727,0.8431386750837726,0.8889521557832554,1.100894300046854,W5,Adjusted
HAS_INSHas insurance,0.4299354131181961,0.3831343238899114,0.3993855308850022,-2.1135474831954957,0.03455393537644728,0.19653759553258518,0.9405043292211615,W5,Adjusted
EMP_STATUSUnemployed/Not in labor force,4.281164361625868,0.5818347486728285,0.575313864837664,2.5277072370136366,0.011481004401495952,1.386289238546836,13.221171874974633,W5,Adjusted
EMP_STATUSRetired,4.103574590053297,0.5071961836601439,0.5092740239637935,2.7722962072803927,0.005566236064416239,1.5124028839011898,11.134152543199761,W5,Adjusted
EMP_STATUSDisabled,8.778979282938536,0.7258000542472152,0.7921971685010216,2.7421963022271423,0.0061029856724531505,1.858337418890404,41.472811377969286,W5,Adjusted
SMOKESTATUSEver/Current smoker,1.0720503050053871,0.1204181297858727,0.12024924211179196,0.5785731921197556,0.5628771977082889,0.8469520514009243,1.3569739332481996,W5,Adjusted
R_DEPRESYes,1.9580745595792926,0.15241902422043516,0.1552845625027053,4.327291857037481,1.5095388159597777e-5,1.4442778992828609,2.6546525310505658,W5,Adjusted
BMI_CV_W6,1.062918959465069,0.020746723150415463,0.019531878312284458,3.124065075045239,0.0017837100296929883,1.0229975385355063,1.1043982725585921,W6,Adjusted
BASELINE_AGE,1.135953932428042,0.01619769172490501,0.015881658906901627,8.02641385159003,1.0036325265307296e-15,1.101139208035802,1.1718693941527307,W6,Adjusted
RAGENDERFemale,0.926766168159805,0.14763496871465354,0.14679505959471725,-0.518096393896899,0.6043910161328382,0.6950531087064008,1.235726478576785,W6,Adjusted
RACE_ETH3Non-Hispanic Black,2.1052772195586087,0.19386561866899513,0.19582417351347375,3.801610091638184,1.4375883578880645e-4,1.4342453563749515,3.0902607782498044,W6,Adjusted
RACE_ETH3Hispanic or Other,1.2775554479651163,0.2518704025188587,0.25571977273600166,0.9578783956682733,0.33812408171292324,0.7739460589900251,2.1088652156911945,W6,Adjusted
RAEDUCGED,1.1614143890964115,0.30371630766629926,0.30678710220714134,0.4877602814564008,0.6257196477541858,0.6365749542337512,2.1189702394494123,W6,Adjusted
RAEDUCHigh school graduate,0.7665641266218647,0.21273034579398092,0.21388395613994196,-1.2429025877408104,0.21390373201102122,0.5040691724176671,1.1657538139163275,W6,Adjusted
RAEDUCCollege or above,0.7465666253426174,0.20583323945840962,0.2097121388191945,-1.3936742877145956,0.16341598410976893,0.4949499389805335,1.1260971710057837,W6,Adjusted
LN_WEALTH,0.9750748984560741,0.013576716462130494,0.011254899128922134,-2.242667101346404,0.02491828963591173,0.9538010340821818,0.9968232614824388,W6,Adjusted
CHRONIC_N,0.9544649433758793,0.06022139417345449,0.0653746000390796,-0.7128818256489414,0.4759188863085238,0.8396784770731663,1.084943050236286,W6,Adjusted
HAS_INSHas insurance,0.34412755303526305,0.45841899399566366,0.4574467914708785,-2.3319496748431923,0.01970333877739868,0.14039124698368532,0.8435267532868317,W6,Adjusted
EMP_STATUSUnemployed/Not in labor force,4.1691282179324,0.6699588443765907,0.662074707146481,2.156413676728462,0.03105137767615313,1.1389016948285184,15.261747503306067,W6,Adjusted
EMP_STATUSRetired,3.2846769529462465,0.5853186586358133,0.5837703980499768,2.037219274952438,0.04162807311846293,1.046131789650091,10.313330301170723,W6,Adjusted
EMP_STATUSDisabled,17.86762323577241,0.7766493129056977,0.8072664066395691,3.571299751332642,3.5521407892247627e-4,3.67214967960987,86.93871109563034,W6,Adjusted
SMOKESTATUSEver/Current smoker,1.1051659112671277,0.13989139488995306,0.13717557531379224,0.7289597248876285,0.4660262991661064,0.8446240029868662,1.4460774109043324,W6,Adjusted
R_DEPRESYes,1.9568304005226649,0.1823776935946062,0.18300603033761534,3.668327324662384,2.4414249666095605e-4,1.3670303962777621,2.8010973470934104,W6,Adjusted
BMI_CV_W7,1.0619458956085066,0.023416002943298122,0.02422633795493988,2.4808939708120747,0.013105334959100568,1.0127001970128908,1.1135863195506004,W7,Adjusted
BASELINE_AGE,1.122966865189696,0.018296860372196248,0.017673753878508867,6.561943235097426,5.311103554707937e-11,1.0847334066324377,1.1625479335322821,W7,Adjusted
RAGENDERFemale,1.0919966308616416,0.16938925136113497,0.166032220518696,0.5300645365789505,0.5960671860574862,0.7886683565039078,1.5119874304317518,W7,Adjusted
RACE_ETH3Non-Hispanic Black,2.387063749423074,0.21840350954169976,0.2225823703327484,3.9089531332669365,9.269694333118375e-5,1.5431266100343948,3.6925507646341096,W7,Adjusted
RACE_ETH3Hispanic or Other,1.413749471968919,0.2848449450954494,0.28499907402299834,1.2148999997220935,0.2244042339091601,0.8086876375941153,2.4715198756328083,W7,Adjusted
RAEDUCGED,1.4245991806628897,0.3410447075644416,0.3425421555018957,1.0331297673671012,0.30154317456840085,0.7279813927340599,2.7878223891455565,W7,Adjusted
RAEDUCHigh school graduate,0.80119718470236,0.2564647068080556,0.252380559585576,-0.8782300404273615,0.3798188927244388,0.48855413430252825,1.3139115682469944,W7,Adjusted
RAEDUCCollege or above,0.8242102137826761,0.24548955883704926,0.24446023442129206,-0.7908430107350618,0.42903560764633614,0.5104498297416911,1.330831037493832,W7,Adjusted
LN_WEALTH,0.9935889466614543,0.017526059188982795,0.013646205842201952,-0.47131726391549333,0.6374141890461229,0.9673665809863311,1.0205221209122664,W7,Adjusted
CHRONIC_N,0.9526401919974051,0.06856522265026298,0.07474568477926316,-0.6491077010742746,0.5162687644940059,0.8228207935903302,1.1029416641853789,W7,Adjusted
HAS_INSHas insurance,0.2896164480929346,0.5110045516171159,0.5122945476044197,-2.4189166759183633,0.015566805575345705,0.10611024406743054,0.7904768078062774,W7,Adjusted
EMP_STATUSUnemployed/Not in labor force,1.738912274154425,0.7670656488926524,0.7522220921820207,0.7355005838104973,0.46203468456230135,0.39809348231189134,7.595743290355774,W7,Adjusted
EMP_STATUSRetired,2.3728146105847734,0.5869011763690254,0.5828000225341057,1.4826300900854734,0.13817271803518355,0.7571527939909088,7.436080565096839,W7,Adjusted
EMP_STATUSDisabled,9.179066225005299,0.9302600724524184,0.9722759221157474,2.280140267410429,0.022599370663614643,1.3651982970737522,61.71649711520353,W7,Adjusted
SMOKESTATUSEver/Current smoker,1.067228413255034,0.157696697001315,0.15384367368117738,0.4229294476819591,0.6723467369513103,0.7894150587603656,1.442810690547778,W7,Adjusted
R_DEPRESYes,1.837837785572616,0.21375822714627468,0.21495698666694818,2.8312164844234355,0.004637132363404405,1.2059670931663113,2.800779345653883,W7,Adjusted
BMI_CV_W8,1.0755847617387566,0.028948170545300838,0.032049233310218285,2.2735170413431494,0.02299504036888068,1.0100997971917516,1.1453151291594625,W8,Adjusted
BASELINE_AGE,1.1179037849200621,0.023627412091221472,0.02177685311448666,5.118063222617094,3.0868913554837133e-7,1.0711935169391316,1.1666508922772099,W8,Adjusted
RAGENDERFemale,1.5440049750935252,0.22257892766457008,0.21878571266622615,1.9854115175742937,0.04709870559049492,1.0055830842976652,2.3707154588609582,W8,Adjusted
RACE_ETH3Non-Hispanic Black,1.3219455659945651,0.3461629772418908,0.37946595103967856,0.7355193906627631,0.46202323510350324,0.628364396046669,2.7810934076584766,W8,Adjusted
RACE_ETH3Hispanic or Other,1.3167324397094213,0.36515340312529926,0.36574039614314213,0.7523184370895947,0.45185958291041534,0.6429522871962432,2.696598724834982,W8,Adjusted
RAEDUCGED,2.270792534462781,0.4196904133612563,0.40674016021109116,2.0163460236115243,0.04376380547102315,1.0231978188698678,5.039591210492711,W8,Adjusted
RAEDUCHigh school graduate,0.8708334953390066,0.3515748180496648,0.33068809177304703,-0.4182324334705523,0.6757771845901028,0.45546279944429546,1.6650118901688704,W8,Adjusted
RAEDUCCollege or above,0.9193800226744105,0.33936141441376266,0.31919367639738333,-0.26333768716844047,0.7922903142945467,0.4918094991433092,1.7186728348378202,W8,Adjusted
LN_WEALTH,1.0045897617721131,0.02453086965077632,0.018678312736793826,0.2451645926865239,0.8063289908275066,0.9684779541044856,1.0420480767582572,W8,Adjusted
CHRONIC_N,1.0430006251776058,0.08397286945389072,0.08923009013395734,0.4718338327184866,0.6370453997825147,0.8756524725635813,1.242331105325449,W8,Adjusted
HAS_INSHas insurance,0.8134221339665657,1.007989672837739,1.0113517845853053,-0.20418718527407792,0.8382072250754539,0.11206030134555689,5.904460010208206,W8,Adjusted
EMP_STATUSUnemployed/Not in labor force,1.470674507932521,0.9191344093653162,0.8906292167562253,0.433088357341558,0.6649505806681125,0.25669156681682953,8.426001426941921,W8,Adjusted
EMP_STATUSRetired,1.5635077244843383,0.7198975636204117,0.7093015327219636,0.6301013289742842,0.5286282902494728,0.38935115911872853,6.27853891601425,W8,Adjusted
EMP_STATUSDisabled,12.734910669164085,1.0302364967517097,1.0608872270541947,2.398320037162921,0.016470467663523038,1.5920879599638884,101.86494328822617,W8,Adjusted
SMOKESTATUSEver/Current smoker,1.1050743485216719,0.19659790627278398,0.19012575229892714,0.525508066257109,0.5992300473962673,0.761300586252063,1.6040829835329558,W8,Adjusted
R_DEPRESYes,1.4389167672886956,0.2903060699274972,0.2792419708573116,1.3031371482378293,0.19252794312436455,0.832423777164393,2.4872925545658178,W8,Adjusted
BMI_CV_W9,1.051916648424671,0.040360496057492604,0.049522061001807303,1.0220471163185847,0.3067586009603819,0.954614603627993,1.1591365049598585,W9,Adjusted
BASELINE_AGE,1.0937616078040124,0.03171394799288612,0.029415355093591757,3.0468022975618814,0.00231289779422021,1.0324862565395247,1.158673490449722,W9,Adjusted
RAGENDERFemale,1.165991813115353,0.28079573528191054,0.287446462199078,0.5342631994385029,0.593159449284159,0.6637745987613909,2.048190621920356,W9,Adjusted
RACE_ETH3Non-Hispanic Black,0.7847325859989678,0.6033060017945743,0.628686286564555,-0.3855854329808762,0.6998037233121969,0.22886688028445132,2.6906699246446784,W9,Adjusted
RACE_ETH3Hispanic or Other,1.4016157393482125,0.4829569875785312,0.48430822618464286,0.6971297459771393,0.4857216001264463,0.5424816548718923,3.6213697977539208,W9,Adjusted
RAEDUCGED,4.143078580594569,0.5979681306774667,0.588985870569406,2.413367112893375,0.01580589042245372,1.3061031851517304,13.142223616113018,W9,Adjusted
RAEDUCHigh school graduate,1.0237889583016968,0.5660173674585673,0.5478862225031499,0.04291111731342092,0.9657723865801652,0.3498233893313017,2.9962085529616336,W9,Adjusted
RAEDUCCollege or above,1.159557532183878,0.5416804840320714,0.5302712257900591,0.27917504737183874,0.78011049195739,0.41013290634058724,3.2783852494093435,W9,Adjusted
LN_WEALTH,1.0195824948608727,0.039255315558007854,0.02643612994153789,0.7335878882962414,0.46319994483368443,0.9680992772348298,1.0738035739433367,W9,Adjusted
CHRONIC_N,1.0734224790285412,0.11164348066393467,0.12758908499961452,0.5553149192588172,0.5786792758965913,0.8359237409773106,1.378398246156588,W9,Adjusted
HAS_INSHas insurance,0.5235971326241528,1.0199328913904087,1.0437265717128048,-0.6199255042163458,0.5353068337048309,0.067697961418931335,4.0496634100354045,W9,Adjusted
EMP_STATUSUnemployed/Not in labor force,4881894.758355051,2252.6028194682126,0.9579443987301767,16.077179419851383,3.687917891519394e-58,746766.2164835717,31914802.65923207,W9,Adjusted
EMP_STATUSRetired,8159462.61350414,2252.6025988844644,0.21225542124891503,74.97895118504451,0,5382566.631410945,12368974.636124428,W9,Adjusted
EMP_STATUSDisabled,0.6988718439140803,13351.265585594572,0.509966806685583,-0.7025710122705608,0.4823231327795475,0.2572249024366711,1.8988124772877164,W9,Adjusted
SMOKESTATUSEver/Current smoker,1.1819097917462738,0.2652120135753827,0.2578830897743642,0.6480905665361087,0.5169263750400231,0.7129742527088052,1.9592723727658226,W9,Adjusted
R_DEPRESYes,1.1033361184178725,0.43508376683791405,0.42393373665576545,0.2319664996214556,0.8165640335885433,0.48067859652495387,2.5325666651400827,W9,Adjusted
BMIV_CAT_W3Medium variability,1.1395462115008481,0.11597932769972856,0.11630394405261368,1.1231787893056058,0.26136156901143465,0.9072643476900668,1.4312979138352986,W3,Categorical_Unadjusted
BMIV_CAT_W3High variability,1.3428806126316777,0.1383003751929789,0.13936214081056875,2.115474230266936,0.03438954901701278,1.0219087895289187,1.7646666299967255,W3,Categorical_Unadjusted
BMIV_CAT_W4Medium variability,1.24177005569726,0.1191812676650693,0.11902392862996888,1.8192797744352585,0.06886875746359139,0.9833946273281823,1.5680306037626706,W4,Categorical_Unadjusted
BMIV_CAT_W4High variability,1.6210748402260675,0.13741448348546423,0.1379217761734958,3.5026333350797874,4.6068314703790305e-4,1.237097236307095,2.124233698442787,W4,Categorical_Unadjusted
BMIV_CAT_W5Medium variability,1.1129573399919213,0.13451595484685985,0.13445651265031325,0.7959506058954774,0.42606074557328016,0.8551236679985784,1.4485320509734179,W5,Categorical_Unadjusted
BMIV_CAT_W5High variability,1.6559369455891761,0.1490456762825682,0.14913267880478276,3.3820017379512937,7.195968935533052e-4,1.2362372612177153,2.218123699868233,W5,Categorical_Unadjusted
BMIV_CAT_W6Medium variability,1.3519534366047206,0.1489467695719776,0.14869216235323424,2.0280190419868878,0.04255830459539711,1.0101706264365937,1.8093756113210837,W6,Categorical_Unadjusted
BMIV_CAT_W6High variability,1.3122533320625083,0.18209127620625676,0.18161806414303128,1.4962485236655025,0.1345889039379279,0.9192298268053378,1.8733169413070183,W6,Categorical_Unadjusted
BMIV_CAT_W7Medium variability,1.0547600810707853,0.17644557542415887,0.17624145746535244,0.30250163908980426,0.762269684137276,0.7466837232257976,1.4899465382935948,W7,Categorical_Unadjusted
BMIV_CAT_W7High variability,1.4827153276457201,0.18879612567138515,0.188649405531588,2.0878681623017137,0.03680972882433315,1.02442250811464,2.146033228888733,W7,Categorical_Unadjusted
BMIV_CAT_W8Medium variability,1.461595127739375,0.22150275904683442,0.22128939326943028,1.7150771980397714,0.08633107424879476,0.9472513078491603,2.255220235358763,W8,Categorical_Unadjusted
BMIV_CAT_W8High variability,1.455510659971291,0.24956890599107148,0.24915994203473446,1.5064893860359445,0.13194158980799103,0.8931616417589266,2.3719237170978635,W8,Categorical_Unadjusted
BMIV_CAT_W9Medium variability,1.1168393843388258,0.29884785092171684,0.30015803246907574,0.36814846113411237,0.712762537656003,0.6201485607336987,2.011340974386217,W9,Categorical_Unadjusted
BMIV_CAT_W9High variability,1.3376046101954728,0.32127519695693263,0.3224361738504841,0.9021333012550652,0.36698606071350465,0.7109999794370565,2.5164362095098713,W9,Categorical_Unadjusted
BMIV_CAT_W3Medium variability,1.1340998784457692,0.1171146696785782,0.1154252016470106,1.0902235894960894,0.2756146645498539,0.9044846359934551,1.4220059502481315,W3,Categorical_Adjusted
BMIV_CAT_W3High variability,1.3631324817204797,0.14120084507218375,0.14146435648944408,2.1898473530685676,0.02853530919795425,1.0330548668338067,1.7986751937158842,W3,Categorical_Adjusted
BASELINE_AGE,1.114035370282163,0.010982038919183715,0.010462044255550204,10.321968543182324,5.606176678224521e-25,1.0914244323403732,1.1371147369116916,W3,Categorical_Adjusted
RAGENDERFemale,0.8480256511185578,0.10182512391757866,0.1021877589953615,-1.6131520674080324,0.1067114741830942,0.6941072982622584,1.0360754119074749,W3,Categorical_Adjusted
RACE_ETH3Non-Hispanic Black,2.1064323462307963,0.12322562406580266,0.1230674522547918,6.053555766369157,1.4168299207367046e-9,1.654978323501143,2.6810364620732225,W3,Categorical_Adjusted
RACE_ETH3Hispanic or Other,1.2380844679114444,0.15322117449806763,0.15471664230678706,1.3803647628426552,0.1674743638650743,0.9142294995339991,1.676661221788282,W3,Categorical_Adjusted
RAEDUCGED,0.6738216670714143,0.21335376639011963,0.2175894733256356,-1.8143790963804654,0.06961938172148889,0.4398782375854476,1.032184818933449,W3,Categorical_Adjusted
RAEDUCHigh school graduate,0.566211760360717,0.12499338976481185,0.12544876329075494,-4.534019474697832,5.787168971723167e-6,0.4427888789323361,0.7240375104808655,W3,Categorical_Adjusted
RAEDUCCollege or above,0.44621960902613095,0.12619844846048991,0.12693405048194376,-6.357191377461535,2.054759387210067e-10,0.34793826353295676,0.5722622670402943,W3,Categorical_Adjusted
LN_WEALTH,0.9624450702664659,0.008054545538060018,0.007359052413534965,-5.201523531937865,1.9766143895695634e-7,0.9486628976288979,0.9764274702799399,W3,Categorical_Adjusted
CHRONIC_N,1.0238321505840988,0.04040495033791569,0.04154997228520839,0.5668499024457784,0.5708161631886911,0.9437595573270214,1.1106984447802932,W3,Categorical_Adjusted
HAS_INSHas insurance,0.494664881025985,0.31193683882366263,0.3092003804679715,-2.2764356002727872,0.022819950959291846,0.269848021056614,0.9067820603698824,W3,Categorical_Adjusted
EMP_STATUSUnemployed/Not in labor force,2.3678401887973393,0.3460659238803049,0.3400592976154381,2.534788000062783,0.011251539600253041,1.2158874855971424,4.611172683408525,W3,Categorical_Adjusted
EMP_STATUSRetired,2.052334666569059,0.27702321420557446,0.27496895155287504,2.614760695052449,0.008928999088650457,1.1972757468139723,3.5180513718829935,W3,Categorical_Adjusted
EMP_STATUSDisabled,4.021548284629493,0.46975910639705576,0.48679839428508437,2.8588158676149726,0.004252255299921513,1.5489226943538652,10.441354280984916,W3,Categorical_Adjusted
SMOKESTATUSEver/Current smoker,1.0423959327675223,0.09745290987370049,0.09694218528845779,0.4283155460238625,0.6684214021170622,0.862016086445015,1.2605208855572587,W3,Categorical_Adjusted
R_DEPRESYes,2.018407421113905,0.1171366391418535,0.11919064558490555,5.892314716666993,3.808229934086757e-9,1.5979146292653585,2.549553300904875,W3,Categorical_Adjusted
BMIV_CAT_W4Medium variability,1.2236622574835223,0.12102573465603678,0.11928734933994219,1.692117510380622,0.09062357042259797,0.968554334570254,1.545963160708007,W4,Categorical_Adjusted
BMIV_CAT_W4High variability,1.6388491350211325,0.14122099084440026,0.1436190691006673,3.4396146114265758,5.825430695307605e-4,1.236773590615313,2.171639585239911,W4,Categorical_Adjusted
BASELINE_AGE,1.1210616850053248,0.012146034702667266,0.01154644730378325,9.897084907253905,4.285854547424909e-23,1.0959762827640658,1.1467212578883232,W4,Categorical_Adjusted
RAGENDERFemale,0.8779414623446502,0.11232924964837633,0.11280910625098346,-1.153943715051562,0.2485232453225844,0.7037886756363851,1.0951884251432453,W4,Categorical_Adjusted
RACE_ETH3Non-Hispanic Black,2.163293269814843,0.13484262956904458,0.13544450855352508,5.697032170377584,1.2191093087594431e-8,1.658917637096674,2.8210187573968595,W4,Categorical_Adjusted
RACE_ETH3Hispanic or Other,1.1015892507289278,0.18196562382153217,0.18067644913297473,0.5355092541261246,0.5922977601673135,0.7730856591387196,1.569682302312343,W4,Categorical_Adjusted
RAEDUCGED,0.7226450578593715,0.22518307274299892,0.22980303670163427,-1.4135457550355672,0.15749531799358427,0.46059194376124096,1.1337929087167833,W4,Categorical_Adjusted
RAEDUCHigh school graduate,0.5333353744458904,0.1395902273036917,0.1394601197302678,-4.507416410938468,6.562176940502807e-6,0.4057810119648903,0.700985539609107,W4,Categorical_Adjusted
RAEDUCCollege or above,0.44642399065084315,0.1381925191914024,0.1390120001226998,-5.801557607615556,6.570171623698476e-9,0.3399541101864451,0.5862390642058208,W4,Categorical_Adjusted
LN_WEALTH,0.9649741076338019,0.0091090574483804,0.008114055937923425,-4.394104470496036,1.1123031928705228e-5,0.9497492592302821,0.9804430162528548,W4,Categorical_Adjusted
CHRONIC_N,1.0193611618585114,0.044216282017116665,0.04624123721440868,0.41469736392675605,0.6783634623486029,0.9310381357902411,1.11606296064723,W4,Categorical_Adjusted
HAS_INSHas insurance,0.5438977870090117,0.36437575225412205,0.3599530141409343,-1.691870653621276,0.09067063849543272,0.2686115795264454,1.1013106852460757,W4,Categorical_Adjusted
EMP_STATUSUnemployed/Not in labor force,3.4691193700855636,0.42881175615207723,0.42312514640822385,2.939794026595368,0.0032843049409990036,1.5137510809914618,7.950309238438612,W4,Categorical_Adjusted
EMP_STATUSRetired,2.7572153429473296,0.361822752907636,0.3602828264692255,2.815069612497138,0.0048766669096339,1.3608096759628001,5.586553786079913,W4,Categorical_Adjusted
EMP_STATUSDisabled,6.885215318948476,0.5478884114791331,0.5711088144575893,3.3782991200282817,7.293569827217348e-4,2.2479612576292065,21.088526249015207,W4,Categorical_Adjusted
SMOKESTATUSEver/Current smoker,1.0396481617957563,0.10698060910241411,0.10696572945901313,0.3635028727980416,0.7162292672987401,0.8430182879114684,1.2821409877158025,W4,Categorical_Adjusted
R_DEPRESYes,1.958914682008916,0.1307276637063206,0.13169590254901625,5.105630267852408,3.2969376950077143e-7,1.5132677119521567,2.535801630525646,W4,Categorical_Adjusted
BMIV_CAT_W5Medium variability,1.123169785482396,0.1366248232662037,0.137109879291594,0.8471661862596674,0.3969024979412331,0.8584940135685337,1.4694457353019914,W5,Categorical_Adjusted
BMIV_CAT_W5High variability,1.6660794725099182,0.15455258911388886,0.1558458712399826,3.2755006028221394,0.0010547488925613554,1.227550782403488,2.261267597650012,W5,Categorical_Adjusted
BASELINE_AGE,1.1321380515276076,0.013620294477868576,0.013068408481368188,9.49678961814583,2.1646078049124507e-21,1.1035081320725455,1.1615107587013827,W5,Categorical_Adjusted
RAGENDERFemale,0.9439249732387519,0.1271195018935617,0.12749385024037208,-0.45263825186595924,0.6508092497019984,0.7352152627065716,1.2118822884929408,W5,Categorical_Adjusted
RACE_ETH3Non-Hispanic Black,2.080155600527042,0.1585695716309906,0.15788513316843594,4.6390859238124476,3.499535449248911e-6,1.5265244104012679,2.834574601572597,W5,Categorical_Adjusted
RACE_ETH3Hispanic or Other,1.2179388430512705,0.20498918389856788,0.20407188610442192,0.9661299301495143,0.3339791694893237,0.8164304180730999,1.8169031831445699,W5,Categorical_Adjusted
RAEDUCGED,0.8789276221078436,0.25358190267638986,0.2597018786788039,-0.49692642393638903,0.6192409369727578,0.5283168636170822,1.46221674548715,W5,Categorical_Adjusted
RAEDUCHigh school graduate,0.5977666903181164,0.16966733817282342,0.16747295574256052,-3.072464738249949,0.0021229891412113135,0.4305052703617622,0.830013104726006,W5,Categorical_Adjusted
RAEDUCCollege or above,0.5769606074560262,0.16255387907680283,0.16213385903936284,-3.3921433152209035,6.934815716145463e-4,0.41989197192004724,0.7927837749167826,W5,Categorical_Adjusted
LN_WEALTH,0.964312655711155,0.010637873648557592,0.009358711074350368,-3.8829818568449053,1.0318326987591917e-4,0.9467857596572687,0.9821640096290832,W5,Categorical_Adjusted
CHRONIC_N,0.9899581583430812,0.05064957078616691,0.05422512395887944,-0.18612407514704127,0.8523474625425302,0.8901441250899721,1.1009645827533479,W5,Categorical_Adjusted
HAS_INSHas insurance,0.38937989487498453,0.3675431158464143,0.3644672017207614,-2.5878866848890523,0.009656674173324288,0.19060683893290029,0.7954420910690823,W5,Categorical_Adjusted
EMP_STATUSUnemployed/Not in labor force,4.311800954361989,0.5811131573651587,0.5750507015287103,2.5412640447079653,0.01104524704759694,1.3969300499427246,13.308917988269515,W5,Categorical_Adjusted
EMP_STATUSRetired,4.102186529736565,0.5072947366796479,0.5094289745837017,2.770788867369807,0.005592067365824862,1.511432215868239,11.133767130327675,W5,Categorical_Adjusted
EMP_STATUSDisabled,10.062744744140469,0.7169972436004747,0.756425255826826,3.05230417290103,0.002270918523917115,2.2847890633003227,44.31867843391227,W5,Categorical_Adjusted
SMOKESTATUSEver/Current smoker,1.0695560782710094,0.12043811136235043,0.11998308093577542,0.5604430369869279,0.5751772833946396,0.8454224505104329,1.3531107482132623,W5,Categorical_Adjusted
R_DEPRESYes,1.9817669272271294,0.15164595937172076,0.1537785363322833,4.447882328493157,8.672101208594058e-6,1.4660745303773828,2.6788543641367983,W5,Categorical_Adjusted
BMIV_CAT_W6Medium variability,1.3470077627016126,0.15279949105766155,0.1539779034563846,1.9346000541688821,0.05303939338383127,0.9961021316652959,1.8215299968739325,W6,Categorical_Adjusted
BMIV_CAT_W6High variability,1.4429430883908014,0.18932921286480292,0.19173585908063404,1.9124478904863709,0.05581877034713149,0.990930836102419,2.1011403424724864,W6,Categorical_Adjusted
BASELINE_AGE,1.1352037037097262,0.01622698135792394,0.015911353490302364,7.969913404358087,1.5878559241358298e-15,1.1003479298740506,1.1711636055550059,W6,Categorical_Adjusted
RAGENDERFemale,0.9189465452343836,0.14901300649810956,0.1482445973507418,-0.5701882298513048,0.5685500383038022,0.6872333382918522,1.2287860700954312,W6,Categorical_Adjusted
RACE_ETH3Non-Hispanic Black,2.1005554003902938,0.19438309257730993,0.1968529951702342,3.77033524684832,1.6302839899899675e-4,1.4281458654229424,3.089553453142634,W6,Categorical_Adjusted
RACE_ETH3Hispanic or Other,1.2557732981006564,0.2520107462013581,0.2556469292677789,0.8908832085890187,0.3729918293834183,0.7608590025102854,2.072613415915102,W6,Categorical_Adjusted
RAEDUCGED,1.1210635887610243,0.30350900774507317,0.30607017017116467,0.3733714639667331,0.7088719948612513,0.6153225711387058,2.0424792279600017,W6,Categorical_Adjusted
RAEDUCHigh school graduate,0.7476556074701461,0.21273546738164392,0.21316142976242314,-1.364284454168244,0.1724780567046448,0.4923322182184542,1.1353896549860212,W6,Categorical_Adjusted
RAEDUCCollege or above,0.7296824194642348,0.2059440967989393,0.20852584358270848,-1.5113037113918653,0.13071108880561755,0.4848823355482128,1.098073479359073,W6,Categorical_Adjusted
LN_WEALTH,0.9744650568741527,0.013600547715410352,0.011315134736021446,-2.2860194573699135,0.02225312028377554,0.9530919695052893,0.9963174357262025,W6,Categorical_Adjusted
CHRONIC_N,0.9543583447490706,0.060518677569273836,0.06618047770031915,-0.705888749360673,0.4802573246315296,0.8382596283855382,1.0865366997887727,W6,Categorical_Adjusted
HAS_INSHas insurance,0.3448987432294539,0.4586398322029112,0.4656463339137662,-2.2860792094467324,0.022249625044556923,0.1384626801702417,0.8591133938401297,W6,Categorical_Adjusted
EMP_STATUSUnemployed/Not in labor force,4.174131106170006,0.6701055333473488,0.662351045711392,2.1573246205505225,0.030980379957805424,1.1396509412610167,15.288339491228065,W6,Categorical_Adjusted
EMP_STATUSRetired,3.3118937627483884,0.5855085479851636,0.5843874199869862,2.0491888062380976,0.04044365622050676,1.0535251885261796,10.41136976618107,W6,Categorical_Adjusted
EMP_STATUSDisabled,17.050936010095143,0.7774268488698804,0.8202062307055908,3.4579170384204567,5.44368988150997e-4,3.4165471236259752,85.09597798604437,W6,Categorical_Adjusted
SMOKESTATUSEver/Current smoker,1.1039966957347542,0.13987319042043975,0.13673162288214097,0.7235850256953618,0.4693205372436431,0.8444649043177032,1.4432911278628073,W6,Categorical_Adjusted
R_DEPRESYes,1.9725858095376827,0.1823916029407554,0.18307458379770494,3.7107569037355903,2.0664046958483517e-4,1.3778518900559114,2.8240297843852726,W6,Categorical_Adjusted
BMIV_CAT_W7Medium variability,1.090277713927015,0.18005844518359337,0.1762803030254342,0.49031256314596905,0.6239127383596239,0.7717685358785239,1.5402357549246082,W7,Categorical_Adjusted
BMIV_CAT_W7High variability,1.6084413904059016,0.19714087992369975,0.19974683542786636,2.379339970981473,0.017343671881461558,1.087377708981305,2.3791950901720655,W7,Categorical_Adjusted
BASELINE_AGE,1.124622037418527,0.01844310707885096,0.01777155777279268,6.6087066744161715,3.876920159801532e-11,1.0861240041397733,1.16448464652903,W7,Categorical_Adjusted
RAGENDERFemale,1.0875870438484259,0.17042214944055203,0.16614287335285535,0.5053573433734957,0.613307873597503,0.7853133043823947,1.5062085047409202,W7,Categorical_Adjusted
RACE_ETH3Non-Hispanic Black,2.4229677349614533,0.2183540696342923,0.22180258012454557,3.9900037461054856,6.607225171417496e-5,1.5687326386969502,3.7423666084621816,W7,Categorical_Adjusted
RACE_ETH3Hispanic or Other,1.4082116666455786,0.2848687469012474,0.28417168089077716,1.204625938758492,0.22834773855097268,0.8068272628712605,2.457849640602862,W7,Categorical_Adjusted
RAEDUCGED,1.37512568389195,0.3406919399042714,0.3395542439024897,0.9381273806124709,0.3481789522545798,0.7068272710598188,2.6752938432383577,W7,Categorical_Adjusted
RAEDUCHigh school graduate,0.7741034158251251,0.25585623218835923,0.24975866407682815,-1.0251888681699322,0.30527407971176124,0.47446482774518045,1.2629726448636918,W7,Categorical_Adjusted
RAEDUCCollege or above,0.7930858084682392,0.24461941442001092,0.24131228574945426,-0.960679872063921,0.3367131546845211,0.4942137095602884,1.2726986067491752,W7,Categorical_Adjusted
LN_WEALTH,0.9930628914262184,0.017486432203988062,0.013638804943047018,-0.5104026490583037,0.6097694013742583,0.9668684339754722,1.0199670106851568,W7,Categorical_Adjusted
CHRONIC_N,0.955602972006953,0.06838823156545248,0.07426712859527375,-0.6114785141030755,0.5408828383005648,0.8261543564351448,1.1053346544692682,W7,Categorical_Adjusted
HAS_INSHas insurance,0.294793963581389,0.5125446345885081,0.5178611322231164,-2.358699116790547,0.018339118325999205,0.10683520591845655,0.8134348618221935,W7,Categorical_Adjusted
EMP_STATUSUnemployed/Not in labor force,1.71013714434509,0.7670210822163663,0.7536291740312533,0.7119861958100844,0.4764733241612197,0.3904277015466662,7.490680197340499,W7,Categorical_Adjusted
EMP_STATUSRetired,2.3731642016468064,0.5869709675795421,0.5833402136397046,1.4815096759283903,0.13847080844225412,0.7564630134642011,7.445054454396599,W7,Categorical_Adjusted
EMP_STATUSDisabled,9.075991624943835,0.9303882118993524,0.9686669407825415,2.2769773090075938,0.022787580669332792,1.3594501645104695,60.59333848822102,W7,Categorical_Adjusted
SMOKESTATUSEver/Current smoker,1.0627948616293987,0.15756570352289717,0.15345029097482818,0.39688487885254337,0.6914523553374493,0.7867419747607346,1.4357094881703345,W7,Categorical_Adjusted
R_DEPRESYes,1.8430902236318432,0.21360674989306386,0.2150437227188082,2.843345643964405,0.00446426274553822,1.2092080976779207,2.8092613496143506,W7,Categorical_Adjusted
BMIV_CAT_W8Medium variability,1.4948333485763463,0.22519111723467988,0.2262559327551984,1.776814084870473,0.07559883369939821,0.9594080959602358,2.329068046668418,W8,Categorical_Adjusted
BMIV_CAT_W8High variability,1.4532989889406058,0.26170232852111863,0.26724246596009305,1.398865017981627,0.1618534645270438,0.8607514678320035,2.4537604990387427,W8,Categorical_Adjusted
BASELINE_AGE,1.1166020641107472,0.023814476249739747,0.021952505135917243,5.024037201098872,5.059642992423176e-7,1.0695778982468458,1.1656936550577774,W8,Categorical_Adjusted
RAGENDERFemale,1.5669355136289222,0.22400172145990663,0.21942896100557444,2.0467754471030295,0.04068013746845509,1.0192315377951418,2.4089589193667886,W8,Categorical_Adjusted
RACE_ETH3Non-Hispanic Black,1.302280897363544,0.3468870886562435,0.38228515182602146,0.69089071924028,0.4896342188642387,0.6156061628725926,2.7549034397646093,W8,Categorical_Adjusted
RACE_ETH3Hispanic or Other,1.3324226217334536,0.3659408821845155,0.3654545328894335,0.7853201412196179,0.4322658896644881,0.6509783348861561,2.7272029617045943,W8,Categorical_Adjusted
RAEDUCGED,2.2805970344150914,0.4204508936391115,0.4079469896660259,2.020942148788206,0.04328575407246663,1.025187844309102,5.073336425372919,W8,Categorical_Adjusted
RAEDUCHigh school graduate,0.8615279961877188,0.35312344115127814,0.33205281716346613,-0.4488675259243596,0.6535272233824174,0.4493921940388117,1.651631910969783,W8,Categorical_Adjusted
RAEDUCCollege or above,0.924116556357896,0.34120032462209837,0.32120341092696914,-0.24569188671944023,0.8059207531873452,0.49239985006037884,1.7343453894838896,W8,Categorical_Adjusted
LN_WEALTH,1.0023427759837098,0.024377440635054204,0.01895833307101288,0.12343047007132947,0.901766229920141,0.9657815451670497,1.0402880916439023,W8,Categorical_Adjusted
CHRONIC_N,1.051034215207204,0.08411932199338391,0.0893215486107405,0.5572523880970768,0.5773550008350976,0.8822389228722308,1.2521244448610733,W8,Categorical_Adjusted
HAS_INSHas insurance,0.8103534065078236,1.0084703103577477,1.0160984338424068,-0.20695319974351908,0.8360464083703966,0.11060376407814507,5.937163612034705,W8,Categorical_Adjusted
EMP_STATUSUnemployed/Not in labor force,1.4469951176381743,0.9194165248848708,0.8893200748901936,0.415473667972959,0.6777951876708874,0.2532074301909796,8.26908937423158,W8,Categorical_Adjusted
EMP_STATUSRetired,1.591319390307893,0.71975446033401,0.7083316287984506,0.6558558992307892,0.5119168457543065,0.39703096486466943,6.378085404076818,W8,Categorical_Adjusted
EMP_STATUSDisabled,12.661971529432478,1.0334888592045137,1.0785590645287177,2.3536987607849587,0.018587667587118866,1.5290799458430446,104.85097489377155,W8,Categorical_Adjusted
SMOKESTATUSEver/Current smoker,1.105563451097873,0.19679995296513794,0.19125528523129945,0.5247181294047983,0.5997791524370093,0.7599532540663072,1.6083496423804948,W8,Categorical_Adjusted
R_DEPRESYes,1.4901296329875253,0.2900269056075243,0.2801605044226963,1.4236950315315422,0.15453477260420273,0.8605002434780337,2.5804598429079,W8,Categorical_Adjusted
BMIV_CAT_W9Medium variability,1.1606397866175666,0.3028859608301839,0.31025802992792656,0.4801532237475053,0.6311184449865879,0.6318374158644492,2.1320116226998915,W9,Categorical_Adjusted
BMIV_CAT_W9High variability,1.4224425058745211,0.3378189841290071,0.3475904877975989,1.013766144094881,0.3106943537767986,0.7197226360401054,2.8112811535996194,W9,Categorical_Adjusted
BASELINE_AGE,1.0935664843847546,0.03181673819511598,0.02916117107096467,3.0672416649200405,0.002160441142642053,1.0328164767103334,1.1578897923653417,W9,Categorical_Adjusted
RAGENDERFemale,1.1616485245161965,0.28255612119491924,0.2913848603345326,0.514234466074267,0.6070880734891643,0.656217038214991,2.056373449524111,W9,Categorical_Adjusted
RACE_ETH3Non-Hispanic Black,0.7831743863722301,0.6030993890844152,0.6289554063220063,-0.38858063649478525,0.6975863930842623,0.22829198431267458,2.686744001617869,W9,Categorical_Adjusted
RACE_ETH3Hispanic or Other,1.4042007810897328,0.4833503215161895,0.4822228825906323,0.7039655605507997,0.48145422126690446,0.5457080350794123,3.6132505055126756,W9,Categorical_Adjusted
RAEDUCGED,4.127931871160609,0.5981777509508629,0.5904962587430358,2.4009915439290306,0.01635071433519179,1.2974815597546425,13.13299707794368,W9,Categorical_Adjusted
RAEDUCHigh school graduate,1.0189099017720542,0.5666547765418622,0.5486924207594811,0.03414177295344635,0.9727640978880484,0.34760654688625514,2.9866450940834923,W9,Categorical_Adjusted
RAEDUCCollege or above,1.1575045434671511,0.5423286633034851,0.5297205960705681,0.27611996455705573,0.7824559270373623,0.4098488450147535,3.269050979267413,W9,Categorical_Adjusted
LN_WEALTH,1.018024309627263,0.039039368992289644,0.02616412483581653,0.6827592264727252,0.49475899805425855,0.9671352335727703,1.0715910857300863,W9,Categorical_Adjusted
CHRONIC_N,1.0730454292474199,0.11190035903536599,0.12861109174021312,0.5481704597386239,0.5835748636174666,0.8339579425129735,1.3806769316917527,W9,Categorical_Adjusted
HAS_INSHas insurance,0.5043318795258058,1.01793213695905,1.04413791789965,-0.6555845973635791,0.5120914385229232,0.06515452970711028,3.9038060108701065,W9,Categorical_Adjusted
EMP_STATUSUnemployed/Not in labor force,4799371.67174999,2240.8482875041077,0.9570977838838607,16.073588116737053,3.907959320934384e-58,735362.1511466432,31323298.877538927,W9,Categorical_Adjusted
EMP_STATUSRetired,8157581.782098302,2240.8480655571743,0.20980651249392743,75.85302354829169,0,5407217.129001248,12306911.10492058,W9,Categorical_Adjusted
EMP_STATUSDisabled,0.6912051525639092,13315.33034839985,0.5131862756645339,-0.7196579965477337,0.4717355938701893,0.2528028799256766,1.8898699376817165,W9,Categorical_Adjusted
SMOKESTATUSEver/Current smoker,1.177553576975473,0.2651502878751207,0.25900222038442167,0.6310333797403131,0.5280186992043223,0.7087900076286989,1.9563374366503783,W9,Categorical_Adjusted
R_DEPRESYes,1.1094795531372068,0.4351195551990903,0.41901176484052266,0.2479430007456285,0.8041785086599116,0.4880404760399599,2.522218830736385,W9,Categorical_Adjusted
